{"count":1,"self":1490.5344,"total":1524.024666,"children":{"AgentResetIfDone":{"count":35857,"self":1.5137554,"total":1.5137554,"children":null},"AgentSendState":{"count":35857,"self":3.0314976,"total":4.5052049,"children":{"CollectObservations":{"count":64548,"self":1.4737072999999998,"total":1.4737072999999998,"children":null}}},"DecideAction":{"count":35857,"self":25.8142848,"total":25.8142846,"children":null},"AcademyStep":{"count":35857,"self":0.6946749,"total":0.6946749,"children":null},"AgentAct":{"count":35857,"self":0.95835209999999993,"total":0.95835209999999993,"children":null}}}